"ID","Outcome"
1,"Failure"
2,"Success"
3,"Failure"
4,"Success"
5,"Success"
6,"Success"
7,"Failure"
8,"Failure"
9,"Failure"
10,"Success"
11,"Success"
12,"Failure"
13,"Success"
14,"Success"
15,"Success"
16,"Success"
17,"Failure"
18,"Success"
19,"Success"
20,"Failure"
21,"Success"
22,"Failure"
23,"Success"
24,"Success"
25,"Success"
26,"Failure"
27,"Failure"
28,"Failure"
29,"Failure"
30,"Success"
31,"Success"
32,"Success"
33,"Failure"
34,"Success"
35,"Failure"
36,"Success"
37,"Success"
38,"Failure"
39,"Failure"
40,"Failure"
41,"Success"
42,"Success"
43,"Success"
44,"Failure"
45,"Success"
46,"Success"
47,"Failure"
48,"Failure"
49,"Failure"
50,"Failure"
51,"Success"
52,"Success"
53,"Failure"
54,"Success"
55,"Failure"
56,"Failure"
57,"Success"
58,"Success"
59,"Success"
60,"Success"
61,"Success"
62,"Success"
63,"Failure"
64,"Success"
65,"Failure"
66,"Success"
67,"Failure"
68,"Success"
69,"Success"
70,"Failure"
71,"Success"
72,"Failure"
73,"Failure"
74,"Failure"
75,"Success"
76,"Success"
77,"Failure"
78,"Failure"
79,"Failure"
80,"Failure"
81,"Success"
82,"Success"
83,"Failure"
84,"Success"
85,"Failure"
86,"Success"
87,"Success"
88,"Failure"
89,"Failure"
90,"Success"
91,"Success"
92,"Success"
93,"Failure"
94,"Failure"
95,"Failure"
96,"Failure"
97,"Success"
98,"Failure"
99,"Success"
100,"Failure"
101,"Success"
102,"Success"
103,"Success"
104,"Failure"
105,"Success"
106,"Success"
107,"Failure"
108,"Failure"
109,"Failure"
110,"Success"
111,"Failure"
112,"Failure"
113,"Failure"
114,"Success"
115,"Success"
116,"Success"
117,"Success"
118,"Success"
119,"Failure"
120,"Failure"
121,"Success"
122,"Success"
123,"Failure"
124,"Failure"
125,"Failure"
126,"Failure"
127,"Success"
128,"Failure"
129,"Success"
130,"Success"
131,"Failure"
132,"Failure"
133,"Success"
134,"Success"
135,"Failure"
136,"Success"
137,"Success"
138,"Failure"
139,"Failure"
140,"Failure"
141,"Failure"
142,"Failure"
143,"Success"
144,"Failure"
145,"Success"
146,"Success"
147,"Failure"
148,"Failure"
149,"Failure"
150,"Success"
151,"Success"
152,"Failure"
153,"Failure"
154,"Success"
155,"Failure"
156,"Failure"
157,"Failure"
158,"Failure"
159,"Success"
160,"Failure"
161,"Failure"
162,"Success"
163,"Success"
164,"Success"
165,"Failure"
166,"Success"
167,"Failure"
168,"Failure"
169,"Failure"
170,"Success"
171,"Failure"
172,"Success"
173,"Failure"
174,"Failure"
175,"Success"
176,"Success"
177,"Success"
178,"Success"
179,"Failure"
180,"Failure"
181,"Success"
182,"Success"
183,"Success"
184,"Failure"
185,"Failure"
186,"Success"
187,"Failure"
188,"Success"
189,"Success"
190,"Success"
191,"Failure"
192,"Failure"
193,"Success"
194,"Failure"
195,"Success"
196,"Success"
197,"Success"
198,"Failure"
199,"Failure"
200,"Failure"
201,"Failure"
202,"Failure"
203,"Success"
204,"Success"
205,"Success"
206,"Success"
207,"Success"
208,"Success"
209,"Failure"
210,"Success"
211,"Success"
212,"Success"
213,"Success"
214,"Success"
215,"Success"
216,"Failure"
217,"Failure"
218,"Success"
219,"Success"
220,"Failure"
221,"Failure"
222,"Success"
223,"Failure"
224,"Failure"
225,"Success"
226,"Failure"
227,"Failure"
228,"Success"
229,"Success"
230,"Failure"
231,"Success"
232,"Success"
233,"Failure"
234,"Failure"
235,"Failure"
236,"Success"
237,"Success"
238,"Failure"
239,"Failure"
240,"Failure"
241,"Failure"
242,"Failure"
243,"Failure"
244,"Failure"
245,"Failure"
246,"Success"
247,"Success"
248,"Failure"
249,"Failure"
250,"Failure"
251,"Success"
252,"Success"
253,"Failure"
254,"Success"
255,"Failure"
256,"Success"
257,"Success"
258,"Success"
259,"Success"
260,"Success"
261,"Failure"
262,"Success"
263,"Failure"
264,"Failure"
265,"Failure"
266,"Success"
267,"Failure"
268,"Success"
269,"Success"
270,"Success"
271,"Success"
272,"Failure"
273,"Failure"
274,"Success"
275,"Failure"
276,"Success"
277,"Success"
278,"Failure"
279,"Failure"
280,"Failure"
281,"Failure"
282,"Failure"
283,"Failure"
284,"Success"
285,"Failure"
286,"Failure"
287,"Failure"
288,"Failure"
289,"Success"
290,"Success"
291,"Success"
292,"Success"
293,"Success"
294,"Success"
295,"Failure"
296,"Failure"
297,"Success"
298,"Failure"
299,"Failure"
300,"Success"
301,"Success"
302,"Failure"
303,"Success"
304,"Failure"
305,"Failure"
306,"Success"
307,"Failure"
308,"Failure"
309,"Success"
310,"Success"
311,"Failure"
312,"Failure"
313,"Success"
314,"Failure"
315,"Success"
316,"Failure"
317,"Failure"
318,"Success"
319,"Failure"
320,"Failure"
321,"Failure"
322,"Failure"
323,"Success"
324,"Success"
325,"Success"
326,"Success"
327,"Success"
328,"Success"
329,"Failure"
330,"Failure"
331,"Failure"
332,"Success"
333,"Failure"
334,"Success"
335,"Failure"
336,"Failure"
337,"Success"
338,"Success"
339,"Failure"
340,"Success"
341,"Failure"
342,"Failure"
343,"Success"
344,"Success"
345,"Failure"
346,"Success"
347,"Failure"
348,"Failure"
349,"Success"
350,"Success"
351,"Failure"
352,"Success"
353,"Success"
354,"Failure"
355,"Failure"
356,"Success"
357,"Success"
358,"Failure"
359,"Failure"
360,"Success"
361,"Success"
362,"Success"
363,"Failure"
364,"Failure"
365,"Success"
366,"Success"
367,"Failure"
368,"Failure"
369,"Success"
370,"Failure"
371,"Failure"
372,"Failure"
373,"Failure"
374,"Success"
375,"Success"
376,"Failure"
377,"Failure"
378,"Failure"
379,"Failure"
380,"Failure"
381,"Failure"
382,"Failure"
383,"Failure"
384,"Failure"
385,"Failure"
386,"Success"
387,"Success"
388,"Failure"
389,"Success"
390,"Failure"
391,"Failure"
392,"Success"
393,"Success"
394,"Failure"
395,"Failure"
396,"Failure"
397,"Success"
398,"Success"
399,"Success"
400,"Failure"
401,"Failure"
402,"Failure"
403,"Failure"
404,"Success"
405,"Failure"
406,"Success"
407,"Failure"
408,"Success"
409,"Failure"
410,"Failure"
411,"Success"
412,"Failure"
413,"Failure"
414,"Success"
415,"Success"
416,"Failure"
417,"Success"
418,"Success"
419,"Success"
420,"Failure"
421,"Success"
422,"Failure"
423,"Failure"
424,"Success"
425,"Success"
426,"Failure"
427,"Success"
428,"Success"
429,"Success"
430,"Failure"
431,"Failure"
432,"Success"
433,"Success"
434,"Failure"
435,"Failure"
436,"Success"
437,"Failure"
438,"Failure"
439,"Failure"
440,"Success"
441,"Failure"
442,"Failure"
443,"Failure"
444,"Failure"
445,"Failure"
446,"Success"
447,"Failure"
448,"Failure"
449,"Failure"
450,"Failure"
451,"Success"
452,"Failure"
453,"Success"
454,"Success"
455,"Success"
456,"Success"
457,"Failure"
458,"Failure"
459,"Failure"
460,"Success"
461,"Failure"
462,"Failure"
463,"Failure"
464,"Failure"
465,"Failure"
466,"Failure"
467,"Success"
468,"Failure"
469,"Success"
470,"Success"
471,"Success"
472,"Failure"
473,"Failure"
474,"Failure"
475,"Failure"
476,"Success"
477,"Success"
478,"Success"
479,"Success"
480,"Failure"
481,"Success"
482,"Failure"
483,"Success"
484,"Failure"
485,"Failure"
486,"Success"
487,"Failure"
488,"Failure"
489,"Success"
490,"Success"
491,"Failure"
492,"Failure"
493,"Success"
494,"Success"
495,"Success"
496,"Failure"
497,"Failure"
498,"Success"
499,"Success"
500,"Failure"
501,"Failure"
502,"Failure"
503,"Success"
504,"Failure"
505,"Success"
506,"Failure"
507,"Failure"
508,"Success"
509,"Failure"
510,"Failure"
511,"Failure"
512,"Success"
513,"Failure"
514,"Success"
515,"Success"
516,"Failure"
517,"Success"
518,"Failure"
519,"Success"
520,"Success"
521,"Success"
522,"Success"
523,"Success"
524,"Success"
525,"Failure"
526,"Failure"
527,"Success"
528,"Success"
529,"Failure"
530,"Failure"
531,"Success"
532,"Failure"
533,"Success"
534,"Failure"
535,"Success"
536,"Failure"
537,"Failure"
538,"Success"
539,"Failure"
540,"Failure"
541,"Success"
542,"Success"
543,"Failure"
544,"Failure"
545,"Success"
546,"Success"
547,"Success"
548,"Success"
549,"Success"
550,"Failure"
551,"Success"
552,"Failure"
553,"Success"
554,"Failure"
555,"Failure"
556,"Success"
557,"Success"
558,"Failure"
559,"Failure"
560,"Success"
561,"Success"
562,"Failure"
563,"Failure"
564,"Failure"
565,"Success"
566,"Success"
567,"Success"
568,"Success"
569,"Success"
570,"Success"
571,"Failure"
572,"Failure"
573,"Failure"
574,"Failure"
575,"Success"
576,"Success"
577,"Success"
578,"Failure"
579,"Failure"
580,"Success"
581,"Failure"
582,"Failure"
583,"Success"
584,"Failure"
585,"Success"
586,"Success"
587,"Failure"
588,"Success"
589,"Failure"
590,"Failure"
591,"Success"
592,"Success"
593,"Failure"
594,"Success"
595,"Success"
596,"Success"
597,"Success"
598,"Success"
599,"Success"
600,"Success"
601,"Failure"
602,"Success"
603,"Success"
604,"Failure"
605,"Failure"
606,"Success"
607,"Success"
608,"Failure"
609,"Failure"
610,"Success"
611,"Failure"
612,"Success"
613,"Failure"
614,"Success"
615,"Success"
616,"Failure"
617,"Success"
618,"Success"
619,"Success"
620,"Success"
621,"Success"
622,"Failure"
623,"Success"
624,"Failure"
625,"Failure"
626,"Success"
627,"Success"
628,"Success"
629,"Success"
630,"Success"
631,"Success"
632,"Success"
633,"Success"
634,"Success"
635,"Success"
636,"Failure"
637,"Success"
638,"Failure"
639,"Failure"
640,"Success"
641,"Failure"
642,"Failure"
643,"Success"
644,"Success"
645,"Failure"
646,"Failure"
647,"Success"
648,"Failure"
649,"Failure"
650,"Failure"
651,"Success"
652,"Success"
653,"Success"
654,"Failure"
655,"Success"
656,"Failure"
657,"Failure"
658,"Success"
659,"Success"
660,"Success"
661,"Failure"
662,"Failure"
663,"Success"
664,"Failure"
665,"Success"
666,"Failure"
667,"Success"
668,"Success"
669,"Success"
670,"Failure"
671,"Failure"
672,"Success"
673,"Failure"
674,"Success"
675,"Failure"
676,"Failure"
677,"Failure"
678,"Failure"
679,"Failure"
680,"Failure"
681,"Success"
682,"Success"
683,"Success"
684,"Success"
685,"Failure"
686,"Failure"
687,"Failure"
688,"Failure"
689,"Success"
690,"Success"
691,"Failure"
692,"Success"
693,"Success"
694,"Failure"
695,"Success"
696,"Success"
697,"Success"
698,"Success"
699,"Success"
700,"Success"
701,"Success"
702,"Success"
703,"Success"
704,"Success"
705,"Failure"
706,"Failure"
707,"Failure"
708,"Failure"
709,"Success"
710,"Failure"
711,"Failure"
712,"Success"
713,"Success"
714,"Success"
715,"Success"
716,"Success"
717,"Success"
718,"Success"
719,"Failure"
720,"Failure"
721,"Failure"
722,"Success"
723,"Failure"
724,"Failure"
725,"Success"
726,"Failure"
727,"Failure"
728,"Failure"
729,"Success"
730,"Success"
731,"Success"
732,"Failure"
733,"Success"
734,"Failure"
735,"Failure"
736,"Failure"
737,"Failure"
738,"Failure"
739,"Success"
740,"Failure"
741,"Success"
742,"Failure"
743,"Failure"
744,"Success"
745,"Failure"
746,"Success"
747,"Success"
748,"Success"
749,"Success"
750,"Success"
751,"Failure"
752,"Success"
753,"Failure"
754,"Failure"
755,"Success"
756,"Failure"
757,"Failure"
758,"Success"
759,"Success"
760,"Success"
761,"Failure"
762,"Success"
763,"Success"
764,"Success"
765,"Failure"
766,"Failure"
767,"Success"
768,"Failure"
769,"Success"
770,"Failure"
771,"Failure"
772,"Failure"
773,"Failure"
774,"Failure"
775,"Success"
776,"Success"
777,"Success"
778,"Failure"
779,"Failure"
780,"Success"
781,"Failure"
782,"Success"
783,"Success"
784,"Success"
785,"Failure"
786,"Failure"
787,"Failure"
788,"Failure"
789,"Failure"
790,"Failure"
791,"Success"
792,"Success"
793,"Failure"
794,"Success"
795,"Success"
796,"Success"
797,"Failure"
798,"Success"
799,"Success"
800,"Success"
801,"Failure"
802,"Success"
803,"Failure"
804,"Success"
805,"Success"
806,"Failure"
807,"Success"
808,"Failure"
809,"Failure"
810,"Failure"
811,"Success"
812,"Success"
813,"Success"
814,"Failure"
815,"Failure"
816,"Failure"
817,"Success"
818,"Success"
819,"Success"
820,"Success"
821,"Success"
822,"Failure"
823,"Success"
824,"Failure"
825,"Failure"
826,"Failure"
827,"Failure"
828,"Failure"
829,"Failure"
830,"Success"
831,"Success"
832,"Failure"
833,"Success"
834,"Success"
835,"Success"
836,"Success"
837,"Failure"
838,"Failure"
839,"Failure"
840,"Failure"
841,"Success"
842,"Success"
843,"Success"
844,"Failure"
845,"Success"
846,"Success"
847,"Failure"
848,"Failure"
849,"Success"
850,"Success"
851,"Success"
852,"Success"
853,"Success"
854,"Success"
855,"Success"
856,"Failure"
857,"Success"
858,"Failure"
859,"Failure"
860,"Success"
861,"Success"
862,"Success"
863,"Failure"
864,"Failure"
865,"Failure"
866,"Success"
867,"Success"
868,"Success"
869,"Failure"
870,"Success"
871,"Success"
872,"Failure"
873,"Failure"
874,"Failure"
875,"Failure"
876,"Failure"
877,"Failure"
878,"Failure"
879,"Success"
880,"Success"
881,"Success"
882,"Failure"
883,"Failure"
884,"Success"
885,"Failure"
886,"Success"
887,"Failure"
888,"Failure"
889,"Success"
890,"Failure"
891,"Success"
892,"Success"
893,"Success"
894,"Success"
895,"Failure"
896,"Failure"
897,"Failure"
898,"Failure"
899,"Success"
900,"Success"
901,"Success"
902,"Success"
903,"Failure"
904,"Failure"
905,"Failure"
906,"Failure"
907,"Failure"
908,"Success"
909,"Failure"
910,"Failure"
911,"Success"
912,"Success"
913,"Failure"
914,"Success"
915,"Success"
916,"Success"
917,"Success"
918,"Success"
919,"Success"
920,"Success"
921,"Failure"
922,"Success"
923,"Success"
924,"Success"
925,"Success"
926,"Failure"
927,"Failure"
928,"Failure"
929,"Success"
930,"Success"
931,"Success"
932,"Success"
933,"Success"
934,"Success"
935,"Success"
936,"Success"
937,"Failure"
938,"Failure"
939,"Failure"
940,"Failure"
941,"Success"
942,"Success"
943,"Failure"
944,"Failure"
945,"Success"
946,"Success"
947,"Failure"
948,"Failure"
949,"Failure"
950,"Failure"
951,"Success"
952,"Failure"
953,"Failure"
954,"Success"
955,"Failure"
956,"Failure"
957,"Failure"
958,"Failure"
959,"Success"
960,"Success"
961,"Failure"
962,"Failure"
963,"Failure"
964,"Failure"
965,"Success"
966,"Success"
967,"Success"
968,"Failure"
969,"Failure"
970,"Success"
971,"Success"
972,"Failure"
973,"Success"
974,"Failure"
975,"Failure"
976,"Failure"
977,"Failure"
978,"Success"
979,"Success"
980,"Success"
981,"Failure"
982,"Success"
983,"Failure"
984,"Failure"
985,"Failure"
986,"Failure"
987,"Success"
988,"Success"
989,"Failure"
990,"Success"
991,"Success"
992,"Success"
993,"Failure"
994,"Success"
995,"Failure"
996,"Failure"
997,"Success"
998,"Failure"
999,"Success"
1000,"Failure"
1001,"Failure"
1002,"Success"
1003,"Failure"
1004,"Success"
1005,"Success"
1006,"Success"
1007,"Failure"
1008,"Failure"
1009,"Failure"
1010,"Success"
1011,"Success"
1012,"Failure"
1013,"Success"
1014,"Success"
1015,"Success"
1016,"Success"
1017,"Failure"
1018,"Success"
1019,"Success"
1020,"Failure"
1021,"Success"
1022,"Failure"
1023,"Success"
1024,"Success"
1025,"Success"
1026,"Failure"
1027,"Failure"
1028,"Failure"
1029,"Failure"
1030,"Success"
1031,"Success"
1032,"Success"
1033,"Failure"
1034,"Success"
1035,"Failure"
1036,"Success"
1037,"Success"
1038,"Failure"
1039,"Failure"
1040,"Failure"
1041,"Success"
1042,"Success"
1043,"Success"
1044,"Failure"
1045,"Success"
1046,"Success"
1047,"Failure"
1048,"Failure"
1049,"Failure"
1050,"Failure"
1051,"Success"
1052,"Success"
1053,"Failure"
1054,"Success"
1055,"Failure"
1056,"Failure"
1057,"Success"
1058,"Success"
1059,"Success"
1060,"Success"
1061,"Success"
1062,"Success"
1063,"Failure"
1064,"Success"
1065,"Failure"
1066,"Success"
1067,"Failure"
1068,"Success"
1069,"Success"
1070,"Failure"
1071,"Success"
1072,"Failure"
1073,"Failure"
1074,"Failure"
1075,"Success"
1076,"Success"
1077,"Failure"
1078,"Failure"
1079,"Failure"
1080,"Failure"
1081,"Success"
1082,"Success"
1083,"Failure"
1084,"Success"
1085,"Failure"
1086,"Success"
1087,"Success"
1088,"Failure"
1089,"Failure"
1090,"Success"
1091,"Success"
1092,"Success"
1093,"Failure"
1094,"Failure"
1095,"Failure"
1096,"Failure"
1097,"Success"
1098,"Failure"
1099,"Success"
1100,"Failure"
1101,"Success"
1102,"Success"
1103,"Success"
1104,"Failure"
1105,"Success"
1106,"Success"
1107,"Failure"
1108,"Failure"
1109,"Failure"
1110,"Success"
1111,"Failure"
1112,"Failure"
1113,"Failure"
1114,"Success"
1115,"Success"
1116,"Success"
1117,"Success"
1118,"Success"
1119,"Failure"
1120,"Failure"
1121,"Success"
1122,"Success"
1123,"Failure"
1124,"Failure"
1125,"Failure"
1126,"Failure"
1127,"Success"
1128,"Failure"
1129,"Success"
1130,"Success"
1131,"Failure"
1132,"Failure"
1133,"Success"
1134,"Success"
1135,"Failure"
1136,"Success"
1137,"Success"
1138,"Failure"
1139,"Failure"
1140,"Failure"
1141,"Failure"
1142,"Failure"
1143,"Success"
1144,"Failure"
1145,"Success"
1146,"Success"
1147,"Failure"
1148,"Failure"
1149,"Failure"
1150,"Success"
1151,"Success"
1152,"Failure"
1153,"Failure"
1154,"Success"
1155,"Failure"
1156,"Failure"
1157,"Failure"
1158,"Failure"
1159,"Success"
1160,"Failure"
1161,"Failure"
1162,"Success"
1163,"Success"
1164,"Success"
1165,"Failure"
1166,"Success"
1167,"Failure"
1168,"Failure"
1169,"Failure"
1170,"Success"
1171,"Failure"
1172,"Success"
1173,"Failure"
1174,"Failure"
1175,"Success"
1176,"Success"
1177,"Success"
1178,"Success"
1179,"Failure"
1180,"Failure"
1181,"Success"
1182,"Success"
1183,"Success"
1184,"Failure"
1185,"Failure"
1186,"Success"
1187,"Failure"
1188,"Success"
1189,"Success"
1190,"Success"
1191,"Failure"
1192,"Failure"
1193,"Success"
1194,"Failure"
1195,"Success"
1196,"Success"
1197,"Success"
1198,"Failure"
1199,"Failure"
1200,"Failure"
1201,"Failure"
1202,"Failure"
1203,"Success"
1204,"Success"
1205,"Success"
1206,"Success"
1207,"Success"
1208,"Success"
1209,"Failure"
1210,"Success"
1211,"Success"
1212,"Success"
1213,"Success"
1214,"Success"
1215,"Success"
1216,"Failure"
1217,"Failure"
1218,"Success"
1219,"Success"
1220,"Failure"
1221,"Failure"
1222,"Success"
1223,"Failure"
1224,"Failure"
1225,"Success"
1226,"Failure"
1227,"Failure"
1228,"Success"
1229,"Success"
1230,"Failure"
1231,"Success"
1232,"Success"
1233,"Failure"
1234,"Failure"
1235,"Failure"
1236,"Success"
1237,"Success"
1238,"Failure"
1239,"Failure"
1240,"Failure"
1241,"Failure"
1242,"Failure"
1243,"Failure"
1244,"Failure"
1245,"Failure"
1246,"Success"
1247,"Success"
1248,"Failure"
1249,"Failure"
1250,"Failure"
1251,"Success"
1252,"Success"
1253,"Failure"
1254,"Success"
1255,"Failure"
1256,"Success"
1257,"Success"
1258,"Success"
1259,"Success"
1260,"Success"
1261,"Failure"
1262,"Success"
1263,"Failure"
1264,"Failure"
1265,"Failure"
1266,"Success"
1267,"Failure"
1268,"Success"
1269,"Success"
1270,"Success"
1271,"Success"
1272,"Failure"
1273,"Failure"
1274,"Success"
1275,"Failure"
1276,"Success"
1277,"Success"
1278,"Failure"
1279,"Failure"
1280,"Failure"
1281,"Failure"
1282,"Failure"
1283,"Failure"
1284,"Success"
1285,"Failure"
1286,"Failure"
1287,"Failure"
1288,"Failure"
1289,"Success"
1290,"Success"
1291,"Success"
1292,"Success"
1293,"Success"
1294,"Success"
1295,"Failure"
1296,"Failure"
1297,"Success"
1298,"Failure"
1299,"Failure"
1300,"Success"
1301,"Success"
1302,"Failure"
1303,"Success"
1304,"Failure"
1305,"Failure"
1306,"Success"
1307,"Failure"
1308,"Failure"
1309,"Success"
1310,"Success"
1311,"Failure"
1312,"Failure"
1313,"Success"
1314,"Failure"
1315,"Success"
1316,"Failure"
1317,"Failure"
1318,"Success"
1319,"Failure"
1320,"Failure"
1321,"Failure"
1322,"Failure"
1323,"Success"
1324,"Success"
1325,"Success"
1326,"Success"
1327,"Success"
1328,"Success"
1329,"Failure"
1330,"Failure"
1331,"Failure"
1332,"Success"
1333,"Failure"
1334,"Success"
1335,"Failure"
1336,"Failure"
1337,"Success"
1338,"Success"
1339,"Failure"
1340,"Success"
1341,"Failure"
1342,"Failure"
1343,"Success"
1344,"Success"
1345,"Failure"
1346,"Success"
1347,"Failure"
1348,"Failure"
1349,"Success"
1350,"Success"
1351,"Failure"
1352,"Success"
1353,"Success"
1354,"Failure"
1355,"Failure"
1356,"Success"
1357,"Success"
1358,"Failure"
1359,"Failure"
1360,"Success"
1361,"Success"
1362,"Success"
1363,"Failure"
1364,"Failure"
1365,"Success"
1366,"Success"
1367,"Failure"
1368,"Failure"
1369,"Success"
1370,"Failure"
1371,"Failure"
1372,"Failure"
1373,"Failure"
1374,"Success"
1375,"Success"
1376,"Failure"
1377,"Failure"
1378,"Failure"
1379,"Failure"
1380,"Failure"
1381,"Failure"
1382,"Failure"
1383,"Failure"
1384,"Failure"
1385,"Failure"
1386,"Success"
1387,"Success"
1388,"Failure"
1389,"Success"
1390,"Failure"
1391,"Failure"
1392,"Success"
1393,"Success"
1394,"Failure"
1395,"Failure"
1396,"Failure"
1397,"Success"
1398,"Success"
1399,"Success"
1400,"Failure"
1401,"Failure"
1402,"Failure"
1403,"Failure"
1404,"Success"
1405,"Failure"
1406,"Success"
1407,"Failure"
1408,"Success"
1409,"Failure"
1410,"Failure"
1411,"Success"
1412,"Failure"
1413,"Failure"
1414,"Success"
1415,"Success"
1416,"Failure"
1417,"Success"
1418,"Success"
1419,"Success"
1420,"Failure"
1421,"Success"
1422,"Failure"
1423,"Failure"
1424,"Success"
1425,"Success"
1426,"Failure"
1427,"Success"
1428,"Success"
1429,"Success"
1430,"Failure"
1431,"Failure"
1432,"Success"
1433,"Success"
1434,"Failure"
1435,"Failure"
1436,"Success"
1437,"Failure"
1438,"Failure"
1439,"Failure"
1440,"Success"
1441,"Failure"
1442,"Failure"
1443,"Failure"
1444,"Failure"
1445,"Failure"
1446,"Success"
1447,"Failure"
1448,"Failure"
1449,"Failure"
1450,"Failure"
1451,"Success"
1452,"Failure"
1453,"Success"
1454,"Success"
1455,"Success"
1456,"Success"
1457,"Failure"
1458,"Failure"
1459,"Failure"
1460,"Success"
1461,"Failure"
1462,"Failure"
1463,"Failure"
1464,"Failure"
1465,"Failure"
1466,"Failure"
1467,"Success"
1468,"Failure"
1469,"Success"
1470,"Success"
1471,"Success"
1472,"Failure"
1473,"Failure"
1474,"Failure"
1475,"Failure"
1476,"Success"
1477,"Success"
1478,"Success"
1479,"Success"
1480,"Failure"
1481,"Success"
1482,"Failure"
1483,"Success"
1484,"Failure"
1485,"Failure"
1486,"Success"
1487,"Failure"
1488,"Failure"
1489,"Success"
1490,"Success"
1491,"Failure"
1492,"Failure"
1493,"Success"
1494,"Success"
1495,"Success"
1496,"Failure"
1497,"Failure"
1498,"Success"
1499,"Success"
1500,"Failure"
1501,"Failure"
1502,"Failure"
1503,"Success"
1504,"Failure"
1505,"Success"
1506,"Failure"
1507,"Failure"
1508,"Success"
1509,"Failure"
1510,"Failure"
1511,"Failure"
1512,"Success"
1513,"Failure"
1514,"Success"
1515,"Success"
1516,"Failure"
1517,"Success"
1518,"Failure"
1519,"Success"
1520,"Success"
1521,"Success"
1522,"Success"
1523,"Success"
1524,"Success"
1525,"Failure"
1526,"Failure"
1527,"Success"
1528,"Success"
1529,"Failure"
1530,"Failure"
1531,"Success"
1532,"Failure"
1533,"Success"
1534,"Failure"
1535,"Success"
1536,"Failure"
1537,"Failure"
1538,"Success"
1539,"Failure"
1540,"Failure"
1541,"Success"
1542,"Success"
1543,"Failure"
1544,"Failure"
1545,"Success"
1546,"Success"
1547,"Success"
1548,"Success"
1549,"Success"
1550,"Failure"
1551,"Success"
1552,"Failure"
1553,"Success"
1554,"Failure"
1555,"Failure"
1556,"Success"
1557,"Success"
1558,"Failure"
1559,"Failure"
1560,"Success"
1561,"Success"
1562,"Failure"
1563,"Failure"
1564,"Failure"
1565,"Success"
1566,"Success"
1567,"Success"
1568,"Success"
1569,"Success"
1570,"Success"
1571,"Failure"
1572,"Failure"
1573,"Failure"
1574,"Failure"
1575,"Success"
1576,"Success"
1577,"Success"
1578,"Failure"
1579,"Failure"
1580,"Success"
1581,"Failure"
1582,"Failure"
1583,"Success"
1584,"Failure"
1585,"Success"
1586,"Success"
1587,"Failure"
1588,"Success"
1589,"Failure"
1590,"Failure"
1591,"Success"
1592,"Success"
1593,"Failure"
1594,"Success"
1595,"Success"
1596,"Success"
1597,"Success"
1598,"Success"
1599,"Success"
1600,"Success"
1601,"Failure"
1602,"Success"
1603,"Success"
1604,"Failure"
1605,"Failure"
1606,"Success"
1607,"Success"
1608,"Failure"
1609,"Failure"
1610,"Success"
1611,"Failure"
1612,"Success"
1613,"Failure"
1614,"Success"
1615,"Success"
1616,"Failure"
1617,"Success"
1618,"Success"
1619,"Success"
1620,"Success"
1621,"Success"
1622,"Failure"
1623,"Success"
1624,"Failure"
1625,"Failure"
1626,"Success"
1627,"Success"
1628,"Success"
1629,"Success"
1630,"Success"
1631,"Success"
1632,"Success"
1633,"Success"
1634,"Success"
1635,"Success"
1636,"Failure"
1637,"Success"
1638,"Failure"
1639,"Failure"
1640,"Success"
1641,"Failure"
1642,"Failure"
1643,"Success"
1644,"Success"
1645,"Failure"
1646,"Failure"
1647,"Success"
1648,"Failure"
1649,"Failure"
1650,"Failure"
1651,"Success"
1652,"Success"
1653,"Success"
1654,"Failure"
1655,"Success"
1656,"Failure"
1657,"Failure"
1658,"Success"
1659,"Success"
1660,"Success"
1661,"Failure"
1662,"Failure"
1663,"Success"
1664,"Failure"
1665,"Success"
1666,"Failure"
1667,"Success"
1668,"Success"
1669,"Success"
1670,"Failure"
1671,"Failure"
1672,"Success"
1673,"Failure"
1674,"Success"
1675,"Failure"
1676,"Failure"
1677,"Failure"
1678,"Failure"
1679,"Failure"
1680,"Failure"
1681,"Success"
1682,"Success"
1683,"Success"
1684,"Success"
1685,"Failure"
1686,"Failure"
1687,"Failure"
1688,"Failure"
1689,"Success"
1690,"Success"
1691,"Failure"
1692,"Success"
1693,"Success"
1694,"Failure"
1695,"Success"
1696,"Success"
1697,"Success"
1698,"Success"
1699,"Success"
1700,"Success"
1701,"Success"
1702,"Success"
1703,"Success"
1704,"Success"
1705,"Failure"
1706,"Failure"
1707,"Failure"
1708,"Failure"
1709,"Success"
1710,"Failure"
1711,"Failure"
1712,"Success"
1713,"Success"
1714,"Success"
1715,"Success"
1716,"Success"
1717,"Success"
1718,"Success"
1719,"Failure"
1720,"Failure"
1721,"Failure"
1722,"Success"
1723,"Failure"
1724,"Failure"
1725,"Success"
1726,"Failure"
1727,"Failure"
1728,"Failure"
1729,"Success"
1730,"Success"
1731,"Success"
1732,"Failure"
1733,"Success"
1734,"Failure"
1735,"Failure"
1736,"Failure"
1737,"Failure"
1738,"Failure"
1739,"Success"
1740,"Failure"
1741,"Success"
1742,"Failure"
1743,"Failure"
1744,"Success"
1745,"Failure"
1746,"Success"
1747,"Success"
1748,"Success"
1749,"Success"
1750,"Success"
1751,"Failure"
1752,"Success"
1753,"Failure"
1754,"Failure"
1755,"Success"
1756,"Failure"
1757,"Failure"
1758,"Success"
1759,"Success"
1760,"Success"
1761,"Failure"
1762,"Success"
1763,"Success"
1764,"Success"
1765,"Failure"
1766,"Failure"
1767,"Success"
1768,"Failure"
1769,"Success"
1770,"Failure"
1771,"Failure"
1772,"Failure"
1773,"Failure"
1774,"Failure"
1775,"Success"
1776,"Success"
1777,"Success"
1778,"Failure"
1779,"Failure"
1780,"Success"
1781,"Failure"
1782,"Success"
1783,"Success"
1784,"Success"
1785,"Failure"
1786,"Failure"
1787,"Failure"
1788,"Failure"
1789,"Failure"
1790,"Failure"
1791,"Success"
1792,"Success"
1793,"Failure"
1794,"Success"
1795,"Success"
1796,"Success"
1797,"Failure"
1798,"Success"
1799,"Success"
1800,"Success"
1801,"Failure"
1802,"Success"
1803,"Failure"
1804,"Success"
1805,"Success"
1806,"Failure"
1807,"Success"
1808,"Failure"
1809,"Failure"
1810,"Failure"
1811,"Success"
1812,"Success"
1813,"Success"
1814,"Failure"
1815,"Failure"
1816,"Failure"
1817,"Success"
1818,"Success"
1819,"Success"
1820,"Success"
1821,"Success"
1822,"Failure"
1823,"Success"
1824,"Failure"
1825,"Failure"
1826,"Failure"
1827,"Failure"
1828,"Failure"
1829,"Failure"
1830,"Success"
1831,"Success"
1832,"Failure"
1833,"Success"
1834,"Success"
1835,"Success"
1836,"Success"
1837,"Failure"
1838,"Failure"
1839,"Failure"
1840,"Failure"
1841,"Success"
1842,"Success"
1843,"Success"
1844,"Failure"
1845,"Success"
1846,"Success"
1847,"Failure"
1848,"Failure"
1849,"Success"
1850,"Success"
1851,"Success"
1852,"Success"
1853,"Success"
1854,"Success"
1855,"Success"
1856,"Failure"
1857,"Success"
1858,"Failure"
1859,"Failure"
1860,"Success"
1861,"Success"
1862,"Success"
1863,"Failure"
1864,"Failure"
1865,"Failure"
1866,"Success"
1867,"Success"
1868,"Success"
1869,"Failure"
1870,"Success"
1871,"Success"
1872,"Failure"
1873,"Failure"
1874,"Failure"
1875,"Failure"
1876,"Failure"
1877,"Failure"
1878,"Failure"
1879,"Success"
1880,"Success"
1881,"Success"
1882,"Failure"
1883,"Failure"
1884,"Success"
1885,"Failure"
1886,"Success"
1887,"Failure"
1888,"Failure"
1889,"Success"
1890,"Failure"
1891,"Success"
1892,"Success"
1893,"Success"
1894,"Success"
1895,"Failure"
1896,"Failure"
1897,"Failure"
1898,"Failure"
1899,"Success"
1900,"Success"
1901,"Success"
1902,"Success"
1903,"Failure"
1904,"Failure"
1905,"Failure"
1906,"Failure"
1907,"Failure"
1908,"Success"
1909,"Failure"
1910,"Failure"
1911,"Success"
1912,"Success"
1913,"Failure"
1914,"Success"
1915,"Success"
1916,"Success"
1917,"Success"
1918,"Success"
1919,"Success"
1920,"Success"
1921,"Failure"
1922,"Success"
1923,"Success"
1924,"Success"
1925,"Success"
1926,"Failure"
1927,"Failure"
1928,"Failure"
1929,"Success"
1930,"Success"
1931,"Success"
1932,"Success"
1933,"Success"
1934,"Success"
1935,"Success"
1936,"Success"
1937,"Failure"
1938,"Failure"
1939,"Failure"
1940,"Failure"
1941,"Success"
1942,"Success"
1943,"Failure"
1944,"Failure"
1945,"Success"
1946,"Success"
1947,"Failure"
1948,"Failure"
1949,"Failure"
1950,"Failure"
1951,"Success"
1952,"Failure"
1953,"Failure"
1954,"Success"
1955,"Failure"
1956,"Failure"
1957,"Failure"
1958,"Failure"
1959,"Success"
1960,"Success"
1961,"Failure"
1962,"Failure"
1963,"Failure"
1964,"Failure"
1965,"Success"
1966,"Success"
1967,"Success"
1968,"Failure"
1969,"Failure"
1970,"Success"
1971,"Success"
1972,"Failure"
1973,"Success"
1974,"Failure"
1975,"Failure"
1976,"Failure"
1977,"Failure"
1978,"Success"
1979,"Success"
1980,"Success"
1981,"Failure"
1982,"Success"
1983,"Failure"
1984,"Failure"
1985,"Failure"
1986,"Failure"
1987,"Success"
1988,"Success"
1989,"Failure"
1990,"Success"
1991,"Success"
1992,"Success"
1993,"Failure"
1994,"Success"
1995,"Failure"
1996,"Failure"
1997,"Success"
1998,"Failure"
1999,"Success"
2000,"Failure"
2001,"Failure"
2002,"Success"
2003,"Failure"
2004,"Success"
2005,"Success"
2006,"Success"
2007,"Failure"
2008,"Failure"
2009,"Failure"
2010,"Success"
2011,"Success"
2012,"Failure"
2013,"Success"
2014,"Success"
2015,"Success"
2016,"Success"
2017,"Failure"
2018,"Success"
2019,"Success"
2020,"Failure"
2021,"Success"
2022,"Failure"
2023,"Success"
2024,"Success"
2025,"Success"
2026,"Failure"
2027,"Failure"
2028,"Failure"
2029,"Failure"
2030,"Success"
2031,"Success"
2032,"Success"
2033,"Failure"
2034,"Success"
2035,"Failure"
2036,"Success"
2037,"Success"
2038,"Failure"
2039,"Failure"
2040,"Failure"
2041,"Success"
2042,"Success"
2043,"Success"
2044,"Failure"
2045,"Success"
2046,"Success"
2047,"Failure"
2048,"Failure"
2049,"Failure"
2050,"Failure"
2051,"Success"
2052,"Success"
2053,"Failure"
2054,"Success"
2055,"Failure"
2056,"Failure"
2057,"Success"
2058,"Success"
2059,"Success"
2060,"Success"
2061,"Success"
2062,"Success"
2063,"Failure"
2064,"Success"
2065,"Failure"
2066,"Success"
2067,"Failure"
2068,"Success"
2069,"Success"
2070,"Failure"
2071,"Success"
2072,"Failure"
2073,"Failure"
2074,"Failure"
2075,"Success"
2076,"Success"
2077,"Failure"
2078,"Failure"
2079,"Failure"
2080,"Failure"
2081,"Success"
2082,"Success"
2083,"Failure"
2084,"Success"
2085,"Failure"
2086,"Success"
2087,"Success"
2088,"Failure"
2089,"Failure"
2090,"Success"
2091,"Success"
2092,"Success"
2093,"Failure"
2094,"Failure"
2095,"Failure"
2096,"Failure"
2097,"Success"
2098,"Failure"
2099,"Success"
2100,"Failure"
2101,"Success"
2102,"Success"
2103,"Success"
2104,"Failure"
2105,"Success"
2106,"Success"
2107,"Failure"
2108,"Failure"
2109,"Failure"
2110,"Success"
2111,"Failure"
2112,"Failure"
2113,"Failure"
2114,"Success"
2115,"Success"
2116,"Success"
2117,"Success"
2118,"Success"
2119,"Failure"
2120,"Failure"
2121,"Success"
2122,"Success"
2123,"Failure"
2124,"Failure"
2125,"Failure"
2126,"Failure"
2127,"Success"
2128,"Failure"
2129,"Success"
2130,"Success"
2131,"Failure"
2132,"Failure"
2133,"Success"
2134,"Success"
2135,"Failure"
2136,"Success"
2137,"Success"
2138,"Failure"
2139,"Failure"
2140,"Failure"
2141,"Failure"
2142,"Failure"
2143,"Success"
2144,"Failure"
2145,"Success"
2146,"Success"
2147,"Failure"
2148,"Failure"
2149,"Failure"
2150,"Success"
2151,"Success"
2152,"Failure"
2153,"Failure"
2154,"Success"
2155,"Failure"
2156,"Failure"
2157,"Failure"
2158,"Failure"
2159,"Success"
2160,"Failure"
2161,"Failure"
2162,"Success"
2163,"Success"
2164,"Success"
2165,"Failure"
2166,"Success"
2167,"Failure"
2168,"Failure"
2169,"Failure"
2170,"Success"
2171,"Failure"
2172,"Success"
2173,"Failure"
2174,"Failure"
2175,"Success"
2176,"Success"
2177,"Success"
2178,"Success"
2179,"Failure"
2180,"Failure"
2181,"Success"
2182,"Success"
2183,"Success"
2184,"Failure"
2185,"Failure"
2186,"Success"
2187,"Failure"
2188,"Success"
2189,"Success"
2190,"Success"
2191,"Failure"
2192,"Failure"
2193,"Success"
2194,"Failure"
2195,"Success"
2196,"Success"
2197,"Success"
2198,"Failure"
2199,"Failure"
2200,"Failure"
2201,"Failure"
2202,"Failure"
2203,"Success"
2204,"Success"
2205,"Success"
2206,"Success"
2207,"Success"
2208,"Success"
2209,"Failure"
2210,"Success"
2211,"Success"
2212,"Success"
2213,"Success"
2214,"Success"
2215,"Success"
2216,"Failure"
2217,"Failure"
2218,"Success"
2219,"Success"
2220,"Failure"
2221,"Failure"
2222,"Success"
2223,"Failure"
2224,"Failure"
2225,"Success"
2226,"Failure"
2227,"Failure"
2228,"Success"
2229,"Success"
2230,"Failure"
2231,"Success"
2232,"Success"
2233,"Failure"
2234,"Failure"
2235,"Failure"
2236,"Success"
2237,"Success"
2238,"Failure"
2239,"Failure"
2240,"Failure"
2241,"Failure"
2242,"Failure"
2243,"Failure"
2244,"Failure"
2245,"Failure"
2246,"Success"
2247,"Success"
2248,"Failure"
2249,"Failure"
2250,"Failure"
2251,"Success"
2252,"Success"
2253,"Failure"
2254,"Success"
2255,"Failure"
2256,"Success"
2257,"Success"
2258,"Success"
2259,"Success"
2260,"Success"
2261,"Failure"
2262,"Success"
2263,"Failure"
2264,"Failure"
2265,"Failure"
2266,"Success"
2267,"Failure"
2268,"Success"
2269,"Success"
2270,"Success"
2271,"Success"
2272,"Failure"
2273,"Failure"
2274,"Success"
2275,"Failure"
2276,"Success"
2277,"Success"
2278,"Failure"
2279,"Failure"
2280,"Failure"
2281,"Failure"
2282,"Failure"
2283,"Failure"
2284,"Success"
2285,"Failure"
2286,"Failure"
2287,"Failure"
2288,"Failure"
2289,"Success"
2290,"Success"
2291,"Success"
2292,"Success"
2293,"Success"
2294,"Success"
2295,"Failure"
2296,"Failure"
2297,"Success"
2298,"Failure"
2299,"Failure"
2300,"Success"
2301,"Success"
2302,"Failure"
2303,"Success"
2304,"Failure"
2305,"Failure"
2306,"Success"
2307,"Failure"
2308,"Failure"
2309,"Success"
2310,"Success"
2311,"Failure"
2312,"Failure"
2313,"Success"
2314,"Failure"
2315,"Success"
2316,"Failure"
2317,"Failure"
2318,"Success"
2319,"Failure"
2320,"Failure"
2321,"Failure"
2322,"Failure"
2323,"Success"
2324,"Success"
2325,"Success"
2326,"Success"
2327,"Success"
2328,"Success"
2329,"Failure"
2330,"Failure"
2331,"Failure"
2332,"Success"
2333,"Failure"
2334,"Success"
2335,"Failure"
2336,"Failure"
2337,"Success"
2338,"Success"
2339,"Failure"
2340,"Success"
2341,"Failure"
2342,"Failure"
2343,"Success"
2344,"Success"
2345,"Failure"
2346,"Success"
2347,"Failure"
2348,"Failure"
2349,"Success"
2350,"Success"
2351,"Failure"
2352,"Success"
2353,"Success"
2354,"Failure"
2355,"Failure"
2356,"Success"
2357,"Success"
2358,"Failure"
2359,"Failure"
2360,"Success"
2361,"Success"
2362,"Success"
2363,"Failure"
2364,"Failure"
2365,"Success"
2366,"Success"
2367,"Failure"
2368,"Failure"
2369,"Success"
2370,"Failure"
2371,"Failure"
2372,"Failure"
2373,"Failure"
2374,"Success"
2375,"Success"
2376,"Failure"
2377,"Failure"
2378,"Failure"
2379,"Failure"
2380,"Failure"
2381,"Failure"
2382,"Failure"
2383,"Failure"
2384,"Failure"
2385,"Failure"
2386,"Success"
2387,"Success"
2388,"Failure"
2389,"Success"
2390,"Failure"
2391,"Failure"
2392,"Success"
2393,"Success"
2394,"Failure"
2395,"Failure"
2396,"Failure"
2397,"Success"
2398,"Success"
2399,"Success"
2400,"Failure"
2401,"Failure"
2402,"Failure"
2403,"Failure"
2404,"Success"
2405,"Failure"
2406,"Success"
2407,"Failure"
2408,"Success"
2409,"Failure"
2410,"Failure"
2411,"Success"
2412,"Failure"
2413,"Failure"
2414,"Success"
2415,"Success"
2416,"Failure"
2417,"Success"
2418,"Success"
2419,"Success"
2420,"Failure"
2421,"Success"
2422,"Failure"
2423,"Failure"
2424,"Success"
2425,"Success"
2426,"Failure"
2427,"Success"
2428,"Success"
2429,"Success"
2430,"Failure"
2431,"Failure"
2432,"Success"
2433,"Success"
2434,"Failure"
2435,"Failure"
2436,"Success"
2437,"Failure"
2438,"Failure"
2439,"Failure"
2440,"Success"
2441,"Failure"
2442,"Failure"
2443,"Failure"
2444,"Failure"
2445,"Failure"
2446,"Success"
2447,"Failure"
2448,"Failure"
2449,"Failure"
2450,"Failure"
2451,"Success"
2452,"Failure"
2453,"Success"
2454,"Success"
2455,"Success"
2456,"Success"
2457,"Failure"
2458,"Failure"
2459,"Failure"
2460,"Success"
2461,"Failure"
2462,"Failure"
2463,"Failure"
2464,"Failure"
2465,"Failure"
2466,"Failure"
2467,"Success"
2468,"Failure"
2469,"Success"
2470,"Success"
2471,"Success"
2472,"Failure"
2473,"Failure"
2474,"Failure"
2475,"Failure"
2476,"Success"
2477,"Success"
2478,"Success"
2479,"Success"
2480,"Failure"
2481,"Success"
2482,"Failure"
2483,"Success"
2484,"Failure"
2485,"Failure"
2486,"Success"
2487,"Failure"
2488,"Failure"
2489,"Success"
2490,"Success"
2491,"Failure"
2492,"Failure"
2493,"Success"
2494,"Success"
2495,"Success"
2496,"Failure"
2497,"Failure"
2498,"Success"
2499,"Success"
2500,"Failure"
2501,"Failure"
2502,"Failure"
2503,"Success"
2504,"Failure"
2505,"Success"
2506,"Failure"
2507,"Failure"
2508,"Success"
2509,"Failure"
2510,"Failure"
2511,"Failure"
2512,"Success"
2513,"Failure"
2514,"Success"
2515,"Success"
2516,"Failure"
2517,"Success"
2518,"Failure"
2519,"Success"
2520,"Success"
2521,"Success"
2522,"Success"
2523,"Success"
2524,"Success"
2525,"Failure"
2526,"Failure"
2527,"Success"
2528,"Success"
2529,"Failure"
2530,"Failure"
2531,"Success"
2532,"Failure"
2533,"Success"
2534,"Failure"
2535,"Success"
2536,"Failure"
2537,"Failure"
2538,"Success"
2539,"Failure"
2540,"Failure"
2541,"Success"
2542,"Success"
2543,"Failure"
2544,"Failure"
2545,"Success"
2546,"Success"
2547,"Success"
2548,"Success"
2549,"Success"
2550,"Failure"
2551,"Success"
2552,"Failure"
2553,"Success"
2554,"Failure"
2555,"Failure"
2556,"Success"
2557,"Success"
2558,"Failure"
2559,"Failure"
2560,"Success"
2561,"Success"
2562,"Failure"
2563,"Failure"
2564,"Failure"
2565,"Success"
2566,"Success"
2567,"Success"
2568,"Success"
2569,"Success"
2570,"Success"
2571,"Failure"
2572,"Failure"
2573,"Failure"
2574,"Failure"
2575,"Success"
2576,"Success"
2577,"Success"
2578,"Failure"
2579,"Failure"
2580,"Success"
2581,"Failure"
2582,"Failure"
2583,"Success"
2584,"Failure"
2585,"Success"
2586,"Success"
2587,"Failure"
2588,"Success"
2589,"Failure"
2590,"Failure"
2591,"Success"
2592,"Success"
2593,"Failure"
2594,"Success"
2595,"Success"
2596,"Success"
2597,"Success"
2598,"Success"
2599,"Success"
2600,"Success"
2601,"Failure"
2602,"Success"
2603,"Success"
2604,"Failure"
2605,"Failure"
2606,"Success"
2607,"Success"
2608,"Failure"
2609,"Failure"
2610,"Success"
2611,"Failure"
2612,"Success"
2613,"Failure"
2614,"Success"
2615,"Success"
2616,"Failure"
2617,"Success"
2618,"Success"
2619,"Success"
2620,"Success"
2621,"Success"
2622,"Failure"
2623,"Success"
2624,"Failure"
2625,"Failure"
2626,"Success"
2627,"Success"
2628,"Success"
2629,"Success"
2630,"Success"
2631,"Success"
2632,"Success"
2633,"Success"
2634,"Success"
2635,"Success"
2636,"Failure"
2637,"Success"
2638,"Failure"
2639,"Failure"
2640,"Success"
2641,"Failure"
2642,"Failure"
2643,"Success"
2644,"Success"
2645,"Failure"
2646,"Failure"
2647,"Success"
2648,"Failure"
2649,"Failure"
2650,"Failure"
2651,"Success"
2652,"Success"
2653,"Success"
2654,"Failure"
2655,"Success"
2656,"Failure"
2657,"Failure"
2658,"Success"
2659,"Success"
2660,"Success"
2661,"Failure"
2662,"Failure"
2663,"Success"
2664,"Failure"
2665,"Success"
2666,"Failure"
2667,"Success"
2668,"Success"
2669,"Success"
2670,"Failure"
2671,"Failure"
2672,"Success"
2673,"Failure"
2674,"Success"
2675,"Failure"
2676,"Failure"
2677,"Failure"
2678,"Failure"
2679,"Failure"
2680,"Failure"
2681,"Success"
2682,"Success"
2683,"Success"
2684,"Success"
2685,"Failure"
2686,"Failure"
2687,"Failure"
2688,"Failure"
2689,"Success"
2690,"Success"
2691,"Failure"
2692,"Success"
2693,"Success"
2694,"Failure"
2695,"Success"
2696,"Success"
2697,"Success"
2698,"Success"
2699,"Success"
2700,"Success"
2701,"Success"
2702,"Success"
2703,"Success"
2704,"Success"
2705,"Failure"
2706,"Failure"
2707,"Failure"
2708,"Failure"
2709,"Success"
2710,"Failure"
2711,"Failure"
2712,"Success"
2713,"Success"
2714,"Success"
2715,"Success"
2716,"Success"
2717,"Success"
2718,"Success"
2719,"Failure"
2720,"Failure"
2721,"Failure"
2722,"Success"
2723,"Failure"
2724,"Failure"
2725,"Success"
2726,"Failure"
2727,"Failure"
2728,"Failure"
2729,"Success"
2730,"Success"
2731,"Success"
2732,"Failure"
2733,"Success"
2734,"Failure"
2735,"Failure"
2736,"Failure"
2737,"Failure"
2738,"Failure"
2739,"Success"
2740,"Failure"
2741,"Success"
2742,"Failure"
2743,"Failure"
2744,"Success"
2745,"Failure"
2746,"Success"
2747,"Success"
2748,"Success"
2749,"Success"
2750,"Success"
2751,"Failure"
2752,"Success"
2753,"Failure"
2754,"Failure"
2755,"Success"
2756,"Failure"
2757,"Failure"
2758,"Success"
2759,"Success"
2760,"Success"
2761,"Failure"
2762,"Success"
2763,"Success"
2764,"Success"
2765,"Failure"
2766,"Failure"
2767,"Success"
2768,"Failure"
2769,"Success"
2770,"Failure"
2771,"Failure"
2772,"Failure"
2773,"Failure"
2774,"Failure"
2775,"Success"
2776,"Success"
2777,"Success"
2778,"Failure"
2779,"Failure"
2780,"Success"
2781,"Failure"
2782,"Success"
2783,"Success"
2784,"Success"
2785,"Failure"
2786,"Failure"
2787,"Failure"
2788,"Failure"
2789,"Failure"
2790,"Failure"
2791,"Success"
2792,"Success"
2793,"Failure"
2794,"Success"
2795,"Success"
2796,"Success"
2797,"Failure"
2798,"Success"
2799,"Success"
2800,"Success"
2801,"Failure"
2802,"Success"
2803,"Failure"
2804,"Success"
2805,"Success"
2806,"Failure"
2807,"Success"
2808,"Failure"
2809,"Failure"
2810,"Failure"
2811,"Success"
2812,"Success"
2813,"Success"
2814,"Failure"
2815,"Failure"
2816,"Failure"
2817,"Success"
2818,"Success"
2819,"Success"
2820,"Success"
2821,"Success"
2822,"Failure"
2823,"Success"
2824,"Failure"
2825,"Failure"
2826,"Failure"
2827,"Failure"
2828,"Failure"
2829,"Failure"
2830,"Success"
2831,"Success"
2832,"Failure"
2833,"Success"
2834,"Success"
2835,"Success"
2836,"Success"
2837,"Failure"
2838,"Failure"
2839,"Failure"
2840,"Failure"
2841,"Success"
2842,"Success"
2843,"Success"
2844,"Failure"
2845,"Success"
2846,"Success"
2847,"Failure"
2848,"Failure"
2849,"Success"
2850,"Success"
2851,"Success"
2852,"Success"
2853,"Success"
2854,"Success"
2855,"Success"
2856,"Failure"
2857,"Success"
2858,"Failure"
2859,"Failure"
2860,"Success"
2861,"Success"
2862,"Success"
2863,"Failure"
2864,"Failure"
2865,"Failure"
2866,"Success"
2867,"Success"
2868,"Success"
2869,"Failure"
2870,"Success"
2871,"Success"
2872,"Failure"
2873,"Failure"
2874,"Failure"
2875,"Failure"
2876,"Failure"
2877,"Failure"
2878,"Failure"
2879,"Success"
2880,"Success"
2881,"Success"
2882,"Failure"
2883,"Failure"
2884,"Success"
2885,"Failure"
2886,"Success"
2887,"Failure"
2888,"Failure"
2889,"Success"
2890,"Failure"
2891,"Success"
2892,"Success"
2893,"Success"
2894,"Success"
2895,"Failure"
2896,"Failure"
2897,"Failure"
2898,"Failure"
2899,"Success"
2900,"Success"
2901,"Success"
2902,"Success"
2903,"Failure"
2904,"Failure"
2905,"Failure"
2906,"Failure"
2907,"Failure"
2908,"Success"
2909,"Failure"
2910,"Failure"
2911,"Success"
2912,"Success"
2913,"Failure"
2914,"Success"
2915,"Success"
2916,"Success"
2917,"Success"
2918,"Success"
2919,"Success"
2920,"Success"
2921,"Failure"
2922,"Success"
2923,"Success"
2924,"Success"
2925,"Success"
2926,"Failure"
2927,"Failure"
2928,"Failure"
2929,"Success"
2930,"Success"
2931,"Success"
2932,"Success"
2933,"Success"
2934,"Success"
2935,"Success"
2936,"Success"
2937,"Failure"
2938,"Failure"
2939,"Failure"
2940,"Failure"
2941,"Success"
2942,"Success"
2943,"Failure"
2944,"Failure"
2945,"Success"
2946,"Success"
2947,"Failure"
2948,"Failure"
2949,"Failure"
2950,"Failure"
2951,"Success"
2952,"Failure"
2953,"Failure"
2954,"Success"
2955,"Failure"
2956,"Failure"
2957,"Failure"
2958,"Failure"
2959,"Success"
2960,"Success"
2961,"Failure"
2962,"Failure"
2963,"Failure"
2964,"Failure"
2965,"Success"
2966,"Success"
2967,"Success"
2968,"Failure"
2969,"Failure"
2970,"Success"
2971,"Success"
2972,"Failure"
2973,"Success"
2974,"Failure"
2975,"Failure"
2976,"Failure"
2977,"Failure"
2978,"Success"
2979,"Success"
2980,"Success"
2981,"Failure"
2982,"Success"
2983,"Failure"
2984,"Failure"
2985,"Failure"
2986,"Failure"
2987,"Success"
2988,"Success"
2989,"Failure"
2990,"Success"
2991,"Success"
2992,"Success"
2993,"Failure"
2994,"Success"
2995,"Failure"
2996,"Failure"
2997,"Success"
2998,"Failure"
2999,"Success"
3000,"Failure"
3001,"Failure"
3002,"Success"
3003,"Failure"
3004,"Success"
3005,"Success"
3006,"Success"
3007,"Failure"
3008,"Failure"
3009,"Failure"
3010,"Success"
3011,"Success"
3012,"Failure"
3013,"Success"
3014,"Success"
3015,"Success"
3016,"Success"
3017,"Failure"
3018,"Success"
3019,"Success"
3020,"Failure"
3021,"Success"
3022,"Failure"
3023,"Success"
3024,"Success"
3025,"Success"
3026,"Failure"
3027,"Failure"
3028,"Failure"
3029,"Failure"
3030,"Success"
3031,"Success"
3032,"Success"
3033,"Failure"
3034,"Success"
3035,"Failure"
3036,"Success"
3037,"Success"
3038,"Failure"
3039,"Failure"
3040,"Failure"
3041,"Success"
3042,"Success"
3043,"Success"
3044,"Failure"
3045,"Success"
3046,"Success"
3047,"Failure"
3048,"Failure"
3049,"Failure"
3050,"Failure"
3051,"Success"
3052,"Success"
3053,"Failure"
3054,"Success"
3055,"Failure"
3056,"Failure"
3057,"Success"
3058,"Success"
3059,"Success"
3060,"Success"
3061,"Success"
3062,"Success"
3063,"Failure"
3064,"Success"
3065,"Failure"
3066,"Success"
3067,"Failure"
3068,"Success"
3069,"Success"
3070,"Failure"
3071,"Success"
3072,"Failure"
3073,"Failure"
3074,"Failure"
3075,"Success"
3076,"Success"
3077,"Failure"
3078,"Failure"
3079,"Failure"
3080,"Failure"
3081,"Success"
3082,"Success"
3083,"Failure"
3084,"Success"
3085,"Failure"
3086,"Success"
3087,"Success"
3088,"Failure"
3089,"Failure"
3090,"Success"
3091,"Success"
3092,"Success"
3093,"Failure"
3094,"Failure"
3095,"Failure"
3096,"Failure"
3097,"Success"
3098,"Failure"
3099,"Success"
3100,"Failure"
3101,"Success"
3102,"Success"
3103,"Success"
3104,"Failure"
3105,"Success"
3106,"Success"
3107,"Failure"
3108,"Failure"
3109,"Failure"
3110,"Success"
3111,"Failure"
3112,"Failure"
3113,"Failure"
3114,"Success"
3115,"Success"
3116,"Success"
3117,"Success"
3118,"Success"
3119,"Failure"
3120,"Failure"
3121,"Success"
3122,"Success"
3123,"Failure"
3124,"Failure"
3125,"Failure"
3126,"Failure"
3127,"Success"
3128,"Failure"
3129,"Success"
3130,"Success"
3131,"Failure"
3132,"Failure"
3133,"Success"
3134,"Success"
3135,"Failure"
3136,"Success"
3137,"Success"
3138,"Failure"
3139,"Failure"
3140,"Failure"
3141,"Failure"
3142,"Failure"
3143,"Success"
3144,"Failure"
3145,"Success"
3146,"Success"
3147,"Failure"
3148,"Failure"
3149,"Failure"
3150,"Success"
3151,"Success"
3152,"Failure"
3153,"Failure"
3154,"Success"
3155,"Failure"
3156,"Failure"
3157,"Failure"
3158,"Failure"
3159,"Success"
3160,"Failure"
3161,"Failure"
3162,"Success"
3163,"Success"
3164,"Success"
3165,"Failure"
3166,"Success"
3167,"Failure"
3168,"Failure"
3169,"Failure"
3170,"Success"
3171,"Failure"
3172,"Success"
3173,"Failure"
3174,"Failure"
3175,"Success"
3176,"Success"
3177,"Success"
3178,"Success"
3179,"Failure"
3180,"Failure"
3181,"Success"
3182,"Success"
3183,"Success"
3184,"Failure"
3185,"Failure"
3186,"Success"
3187,"Failure"
3188,"Success"
3189,"Success"
3190,"Success"
3191,"Failure"
3192,"Failure"
3193,"Success"
3194,"Failure"
3195,"Success"
3196,"Success"
3197,"Success"
3198,"Failure"
3199,"Failure"
3200,"Failure"
3201,"Failure"
3202,"Failure"
3203,"Success"
3204,"Success"
3205,"Success"
3206,"Success"
3207,"Success"
3208,"Success"
3209,"Failure"
3210,"Success"
3211,"Success"
3212,"Success"
3213,"Success"
3214,"Success"
3215,"Success"
3216,"Failure"
3217,"Failure"
3218,"Success"
3219,"Success"
3220,"Failure"
3221,"Failure"
3222,"Success"
3223,"Failure"
3224,"Failure"
3225,"Success"
3226,"Failure"
3227,"Failure"
3228,"Success"
3229,"Success"
3230,"Failure"
3231,"Success"
3232,"Success"
3233,"Failure"
3234,"Failure"
3235,"Failure"
3236,"Success"
3237,"Success"
3238,"Failure"
3239,"Failure"
3240,"Failure"
3241,"Failure"
3242,"Failure"
3243,"Failure"
3244,"Failure"
3245,"Failure"
3246,"Success"
3247,"Success"
3248,"Failure"
3249,"Failure"
3250,"Failure"
3251,"Success"
3252,"Success"
3253,"Failure"
3254,"Success"
3255,"Failure"
3256,"Success"
3257,"Success"
3258,"Success"
3259,"Success"
3260,"Success"
3261,"Failure"
3262,"Success"
3263,"Failure"
3264,"Failure"
3265,"Failure"
3266,"Success"
3267,"Failure"
3268,"Success"
3269,"Success"
3270,"Success"
3271,"Success"
3272,"Failure"
3273,"Failure"
3274,"Success"
3275,"Failure"
3276,"Success"
3277,"Success"
3278,"Failure"
3279,"Failure"
3280,"Failure"
3281,"Failure"
3282,"Failure"
3283,"Failure"
3284,"Success"
3285,"Failure"
3286,"Failure"
3287,"Failure"
3288,"Failure"
3289,"Success"
3290,"Success"
3291,"Success"
3292,"Success"
3293,"Success"
3294,"Success"
3295,"Failure"
3296,"Failure"
3297,"Success"
3298,"Failure"
3299,"Failure"
3300,"Success"
3301,"Success"
3302,"Failure"
3303,"Success"
3304,"Failure"
3305,"Failure"
3306,"Success"
3307,"Failure"
3308,"Failure"
3309,"Success"
3310,"Success"
3311,"Failure"
3312,"Failure"
3313,"Success"
3314,"Failure"
3315,"Success"
3316,"Failure"
3317,"Failure"
3318,"Success"
3319,"Failure"
3320,"Failure"
3321,"Failure"
3322,"Failure"
3323,"Success"
3324,"Success"
3325,"Success"
3326,"Success"
3327,"Success"
3328,"Success"
3329,"Failure"
3330,"Failure"
3331,"Failure"
3332,"Success"
3333,"Failure"
3334,"Success"
3335,"Failure"
3336,"Failure"
3337,"Success"
3338,"Success"
3339,"Failure"
3340,"Success"
3341,"Failure"
3342,"Failure"
3343,"Success"
3344,"Success"
3345,"Failure"
3346,"Success"
3347,"Failure"
3348,"Failure"
3349,"Success"
3350,"Success"
3351,"Failure"
3352,"Success"
3353,"Success"
3354,"Failure"
3355,"Failure"
3356,"Success"
3357,"Success"
3358,"Failure"
3359,"Failure"
3360,"Success"
3361,"Success"
3362,"Success"
3363,"Failure"
3364,"Failure"
3365,"Success"
3366,"Success"
3367,"Failure"
3368,"Failure"
3369,"Success"
3370,"Failure"
3371,"Failure"
3372,"Failure"
3373,"Failure"
3374,"Success"
3375,"Success"
3376,"Failure"
3377,"Failure"
3378,"Failure"
3379,"Failure"
3380,"Failure"
3381,"Failure"
3382,"Failure"
3383,"Failure"
3384,"Failure"
3385,"Failure"
3386,"Success"
3387,"Success"
3388,"Failure"
3389,"Success"
3390,"Failure"
3391,"Failure"
3392,"Success"
3393,"Success"
3394,"Failure"
3395,"Failure"
3396,"Failure"
3397,"Success"
3398,"Success"
3399,"Success"
3400,"Failure"
3401,"Failure"
3402,"Failure"
3403,"Failure"
3404,"Success"
3405,"Failure"
3406,"Success"
3407,"Failure"
3408,"Success"
3409,"Failure"
3410,"Failure"
3411,"Success"
3412,"Failure"
3413,"Failure"
3414,"Success"
3415,"Success"
3416,"Failure"
3417,"Success"
3418,"Success"
3419,"Success"
3420,"Failure"
3421,"Success"
3422,"Failure"
3423,"Failure"
3424,"Success"
3425,"Success"
3426,"Failure"
3427,"Success"
3428,"Success"
3429,"Success"
3430,"Failure"
3431,"Failure"
3432,"Success"
3433,"Success"
3434,"Failure"
3435,"Failure"
3436,"Success"
3437,"Failure"
3438,"Failure"
3439,"Failure"
3440,"Success"
3441,"Failure"
3442,"Failure"
3443,"Failure"
3444,"Failure"
3445,"Failure"
3446,"Success"
3447,"Failure"
3448,"Failure"
3449,"Failure"
3450,"Failure"
3451,"Success"
3452,"Failure"
3453,"Success"
3454,"Success"
3455,"Success"
3456,"Success"
3457,"Failure"
3458,"Failure"
3459,"Failure"
3460,"Success"
3461,"Failure"
3462,"Failure"
3463,"Failure"
3464,"Failure"
3465,"Failure"
3466,"Failure"
3467,"Success"
3468,"Failure"
3469,"Success"
3470,"Success"
3471,"Success"
3472,"Failure"
3473,"Failure"
3474,"Failure"
3475,"Failure"
3476,"Success"
3477,"Success"
3478,"Success"
3479,"Success"
3480,"Failure"
3481,"Success"
3482,"Failure"
3483,"Success"
3484,"Failure"
3485,"Failure"
3486,"Success"
3487,"Failure"
3488,"Failure"
3489,"Success"
3490,"Success"
3491,"Failure"
3492,"Failure"
3493,"Success"
3494,"Success"
3495,"Success"
3496,"Failure"
3497,"Failure"
3498,"Success"
3499,"Success"
3500,"Failure"
3501,"Failure"
3502,"Failure"
3503,"Success"
3504,"Failure"
3505,"Success"
3506,"Failure"
3507,"Failure"
3508,"Success"
3509,"Failure"
3510,"Failure"
3511,"Failure"
3512,"Success"
3513,"Failure"
3514,"Success"
3515,"Success"
3516,"Failure"
3517,"Success"
3518,"Failure"
3519,"Success"
3520,"Success"
3521,"Success"
3522,"Success"
3523,"Success"
3524,"Success"
3525,"Failure"
3526,"Failure"
3527,"Success"
3528,"Success"
3529,"Failure"
3530,"Failure"
3531,"Success"
3532,"Failure"
3533,"Success"
3534,"Failure"
3535,"Success"
3536,"Failure"
3537,"Failure"
3538,"Success"
3539,"Failure"
3540,"Failure"
3541,"Success"
3542,"Success"
3543,"Failure"
3544,"Failure"
3545,"Success"
3546,"Success"
3547,"Success"
3548,"Success"
3549,"Success"
3550,"Failure"
3551,"Success"
3552,"Failure"
3553,"Success"
3554,"Failure"
3555,"Failure"
3556,"Success"
3557,"Success"
3558,"Failure"
3559,"Failure"
3560,"Success"
3561,"Success"
3562,"Failure"
3563,"Failure"
3564,"Failure"
3565,"Success"
3566,"Success"
3567,"Success"
3568,"Success"
3569,"Success"
3570,"Success"
3571,"Failure"
3572,"Failure"
3573,"Failure"
3574,"Failure"
3575,"Success"
3576,"Success"
3577,"Success"
3578,"Failure"
3579,"Failure"
3580,"Success"
3581,"Failure"
3582,"Failure"
3583,"Success"
3584,"Failure"
3585,"Success"
3586,"Success"
3587,"Failure"
3588,"Success"
3589,"Failure"
3590,"Failure"
3591,"Success"
3592,"Success"
3593,"Failure"
3594,"Success"
3595,"Success"
3596,"Success"
3597,"Success"
3598,"Success"
3599,"Success"
3600,"Success"
3601,"Failure"
3602,"Success"
3603,"Success"
3604,"Failure"
3605,"Failure"
3606,"Success"
3607,"Success"
3608,"Failure"
3609,"Failure"
3610,"Success"
3611,"Failure"
3612,"Success"
3613,"Failure"
3614,"Success"
3615,"Success"
3616,"Failure"
3617,"Success"
3618,"Success"
3619,"Success"
3620,"Success"
3621,"Success"
3622,"Failure"
3623,"Success"
3624,"Failure"
3625,"Failure"
3626,"Success"
3627,"Success"
3628,"Success"
3629,"Success"
3630,"Success"
3631,"Success"
3632,"Success"
3633,"Success"
3634,"Success"
3635,"Success"
3636,"Failure"
3637,"Success"
3638,"Failure"
3639,"Failure"
3640,"Success"
3641,"Failure"
3642,"Failure"
3643,"Success"
3644,"Success"
3645,"Failure"
3646,"Failure"
3647,"Success"
3648,"Failure"
3649,"Failure"
3650,"Failure"
3651,"Success"
3652,"Success"
3653,"Success"
3654,"Failure"
3655,"Success"
3656,"Failure"
3657,"Failure"
3658,"Success"
3659,"Success"
3660,"Success"
3661,"Failure"
3662,"Failure"
3663,"Success"
3664,"Failure"
3665,"Success"
3666,"Failure"
3667,"Success"
3668,"Success"
3669,"Success"
3670,"Failure"
3671,"Failure"
3672,"Success"
3673,"Failure"
3674,"Success"
3675,"Failure"
3676,"Failure"
3677,"Failure"
3678,"Failure"
3679,"Failure"
3680,"Failure"
3681,"Success"
3682,"Success"
3683,"Success"
3684,"Success"
3685,"Failure"
3686,"Failure"
3687,"Failure"
3688,"Failure"
3689,"Success"
3690,"Success"
3691,"Failure"
3692,"Success"
3693,"Success"
3694,"Failure"
3695,"Success"
3696,"Success"
3697,"Success"
3698,"Success"
3699,"Success"
3700,"Success"
3701,"Success"
3702,"Success"
3703,"Success"
3704,"Success"
3705,"Failure"
3706,"Failure"
3707,"Failure"
3708,"Failure"
3709,"Success"
3710,"Failure"
3711,"Failure"
3712,"Success"
3713,"Success"
3714,"Success"
3715,"Success"
3716,"Success"
3717,"Success"
3718,"Success"
3719,"Failure"
3720,"Failure"
3721,"Failure"
3722,"Success"
3723,"Failure"
3724,"Failure"
3725,"Success"
3726,"Failure"
3727,"Failure"
3728,"Failure"
3729,"Success"
3730,"Success"
3731,"Success"
3732,"Failure"
3733,"Success"
3734,"Failure"
3735,"Failure"
3736,"Failure"
3737,"Failure"
3738,"Failure"
3739,"Success"
3740,"Failure"
3741,"Success"
3742,"Failure"
3743,"Failure"
3744,"Success"
3745,"Failure"
3746,"Success"
3747,"Success"
3748,"Success"
3749,"Success"
3750,"Success"
3751,"Failure"
3752,"Success"
3753,"Failure"
3754,"Failure"
3755,"Success"
3756,"Failure"
3757,"Failure"
3758,"Success"
3759,"Success"
3760,"Success"
3761,"Failure"
3762,"Success"
3763,"Success"
3764,"Success"
3765,"Failure"
3766,"Failure"
3767,"Success"
3768,"Failure"
3769,"Success"
3770,"Failure"
3771,"Failure"
3772,"Failure"
3773,"Failure"
3774,"Failure"
3775,"Success"
3776,"Success"
3777,"Success"
3778,"Failure"
3779,"Failure"
3780,"Success"
3781,"Failure"
3782,"Success"
3783,"Success"
3784,"Success"
3785,"Failure"
3786,"Failure"
3787,"Failure"
3788,"Failure"
3789,"Failure"
3790,"Failure"
3791,"Success"
3792,"Success"
3793,"Failure"
3794,"Success"
3795,"Success"
3796,"Success"
3797,"Failure"
3798,"Success"
3799,"Success"
3800,"Success"
3801,"Failure"
3802,"Success"
3803,"Failure"
3804,"Success"
3805,"Success"
3806,"Failure"
3807,"Success"
3808,"Failure"
3809,"Failure"
3810,"Failure"
3811,"Success"
3812,"Success"
3813,"Success"
3814,"Failure"
3815,"Failure"
3816,"Failure"
3817,"Success"
3818,"Success"
3819,"Success"
3820,"Success"
3821,"Success"
3822,"Failure"
3823,"Success"
3824,"Failure"
3825,"Failure"
3826,"Failure"
3827,"Failure"
3828,"Failure"
3829,"Failure"
3830,"Success"
3831,"Success"
3832,"Failure"
3833,"Success"
3834,"Success"
3835,"Success"
3836,"Success"
3837,"Failure"
3838,"Failure"
3839,"Failure"
3840,"Failure"
3841,"Success"
3842,"Success"
3843,"Success"
3844,"Failure"
3845,"Success"
3846,"Success"
3847,"Failure"
3848,"Failure"
3849,"Success"
3850,"Success"
3851,"Success"
3852,"Success"
3853,"Success"
3854,"Success"
3855,"Success"
3856,"Failure"
3857,"Success"
3858,"Failure"
3859,"Failure"
3860,"Success"
3861,"Success"
3862,"Success"
3863,"Failure"
3864,"Failure"
3865,"Failure"
3866,"Success"
3867,"Success"
3868,"Success"
3869,"Failure"
3870,"Success"
3871,"Success"
3872,"Failure"
3873,"Failure"
3874,"Failure"
3875,"Failure"
3876,"Failure"
3877,"Failure"
3878,"Failure"
3879,"Success"
3880,"Success"
3881,"Success"
3882,"Failure"
3883,"Failure"
3884,"Success"
3885,"Failure"
3886,"Success"
3887,"Failure"
3888,"Failure"
3889,"Success"
3890,"Failure"
3891,"Success"
3892,"Success"
3893,"Success"
3894,"Success"
3895,"Failure"
3896,"Failure"
3897,"Failure"
3898,"Failure"
3899,"Success"
3900,"Success"
3901,"Success"
3902,"Success"
3903,"Failure"
3904,"Failure"
3905,"Failure"
3906,"Failure"
3907,"Failure"
3908,"Success"
3909,"Failure"
3910,"Failure"
3911,"Success"
3912,"Success"
3913,"Failure"
3914,"Success"
3915,"Success"
3916,"Success"
3917,"Success"
3918,"Success"
3919,"Success"
3920,"Success"
3921,"Failure"
3922,"Success"
3923,"Success"
3924,"Success"
3925,"Success"
3926,"Failure"
3927,"Failure"
3928,"Failure"
3929,"Success"
3930,"Success"
3931,"Success"
3932,"Success"
3933,"Success"
3934,"Success"
3935,"Success"
3936,"Success"
3937,"Failure"
3938,"Failure"
3939,"Failure"
3940,"Failure"
3941,"Success"
3942,"Success"
3943,"Failure"
3944,"Failure"
3945,"Success"
3946,"Success"
3947,"Failure"
3948,"Failure"
3949,"Failure"
3950,"Failure"
3951,"Success"
3952,"Failure"
3953,"Failure"
3954,"Success"
3955,"Failure"
3956,"Failure"
3957,"Failure"
3958,"Failure"
3959,"Success"
3960,"Success"
3961,"Failure"
3962,"Failure"
3963,"Failure"
3964,"Failure"
3965,"Success"
3966,"Success"
3967,"Success"
3968,"Failure"
3969,"Failure"
3970,"Success"
3971,"Success"
3972,"Failure"
3973,"Success"
3974,"Failure"
3975,"Failure"
3976,"Failure"
3977,"Failure"
3978,"Success"
3979,"Success"
3980,"Success"
3981,"Failure"
3982,"Success"
3983,"Failure"
3984,"Failure"
3985,"Failure"
3986,"Failure"
3987,"Success"
3988,"Success"
3989,"Failure"
3990,"Success"
3991,"Success"
3992,"Success"
3993,"Failure"
3994,"Success"
3995,"Failure"
3996,"Failure"
3997,"Success"
3998,"Failure"
3999,"Success"
4000,"Failure"
